scenario	role	event	text
all	either	a deal begins	My deal.
all	either	a deal begins	Your deal.
all	either	an extra deal	Level. Another deal to settle it.
all	either	carte blanche	I have a carte blanche.
all	either	carte blanche scored	Ten for carte blanche.
all	either	carte blanche, as the other	A carte blanche? Show me.
all	either	carte blanche, before the exchange	Discard for carte blanche.
all	either	counting aloud	A hundred and eight.
all	either	counting aloud	A hundred and eighteen.
all	either	counting aloud	A hundred and eleven.
all	either	counting aloud	A hundred and fifteen.
all	either	counting aloud	A hundred and fifty-eight.
all	either	counting aloud	A hundred and fifty-five.
all	either	counting aloud	A hundred and fifty-four.
all	either	counting aloud	A hundred and fifty-nine.
all	either	counting aloud	A hundred and fifty-one.
all	either	counting aloud	A hundred and fifty-seven.
all	either	counting aloud	A hundred and fifty-six.
all	either	counting aloud	A hundred and fifty-three.
all	either	counting aloud	A hundred and fifty-two.
all	either	counting aloud	A hundred and fifty.
all	either	counting aloud	A hundred and five.
all	either	counting aloud	A hundred and forty-eight.
all	either	counting aloud	A hundred and forty-five.
all	either	counting aloud	A hundred and forty-four.
all	either	counting aloud	A hundred and forty-nine.
all	either	counting aloud	A hundred and forty-one.
all	either	counting aloud	A hundred and forty-seven.
all	either	counting aloud	A hundred and forty-six.
all	either	counting aloud	A hundred and forty-three.
all	either	counting aloud	A hundred and forty-two.
all	either	counting aloud	A hundred and forty.
all	either	counting aloud	A hundred and four.
all	either	counting aloud	A hundred and fourteen.
all	either	counting aloud	A hundred and nine.
all	either	counting aloud	A hundred and nineteen.
all	either	counting aloud	A hundred and one.
all	either	counting aloud	A hundred and seven.
all	either	counting aloud	A hundred and seventeen.
all	either	counting aloud	A hundred and seventy.
all	either	counting aloud	A hundred and six.
all	either	counting aloud	A hundred and sixteen.
all	either	counting aloud	A hundred and sixty-eight.
all	either	counting aloud	A hundred and sixty-five.
all	either	counting aloud	A hundred and sixty-four.
all	either	counting aloud	A hundred and sixty-nine.
all	either	counting aloud	A hundred and sixty-one.
all	either	counting aloud	A hundred and sixty-seven.
all	either	counting aloud	A hundred and sixty-six.
all	either	counting aloud	A hundred and sixty-three.
all	either	counting aloud	A hundred and sixty-two.
all	either	counting aloud	A hundred and sixty.
all	either	counting aloud	A hundred and ten.
all	either	counting aloud	A hundred and thirteen.
all	either	counting aloud	A hundred and thirty-eight.
all	either	counting aloud	A hundred and thirty-five.
all	either	counting aloud	A hundred and thirty-four.
all	either	counting aloud	A hundred and thirty-nine.
all	either	counting aloud	A hundred and thirty-one.
all	either	counting aloud	A hundred and thirty-seven.
all	either	counting aloud	A hundred and thirty-six.
all	either	counting aloud	A hundred and thirty-three.
all	either	counting aloud	A hundred and thirty-two.
all	either	counting aloud	A hundred and thirty.
all	either	counting aloud	A hundred and three.
all	either	counting aloud	A hundred and twelve.
all	either	counting aloud	A hundred and twenty-eight.
all	either	counting aloud	A hundred and twenty-five.
all	either	counting aloud	A hundred and twenty-four.
all	either	counting aloud	A hundred and twenty-nine.
all	either	counting aloud	A hundred and twenty-one.
all	either	counting aloud	A hundred and twenty-seven.
all	either	counting aloud	A hundred and twenty-six.
all	either	counting aloud	A hundred and twenty-three.
all	either	counting aloud	A hundred and twenty-two.
all	either	counting aloud	A hundred and twenty.
all	either	counting aloud	A hundred and two.
all	either	counting aloud	A hundred.
all	either	counting aloud	Eight.
all	either	counting aloud	Eighteen.
all	either	counting aloud	Eighty-eight.
all	either	counting aloud	Eighty-five.
all	either	counting aloud	Eighty-four.
all	either	counting aloud	Eighty-nine.
all	either	counting aloud	Eighty-one.
all	either	counting aloud	Eighty-seven.
all	either	counting aloud	Eighty-six.
all	either	counting aloud	Eighty-three.
all	either	counting aloud	Eighty-two.
all	either	counting aloud	Eighty.
all	either	counting aloud	Eleven.
all	either	counting aloud	Fifteen.
all	either	counting aloud	Fifty-eight.
all	either	counting aloud	Fifty-five.
all	either	counting aloud	Fifty-four.
all	either	counting aloud	Fifty-nine.
all	either	counting aloud	Fifty-one.
all	either	counting aloud	Fifty-seven.
all	either	counting aloud	Fifty-six.
all	either	counting aloud	Fifty-three.
all	either	counting aloud	Fifty-two.
all	either	counting aloud	Fifty.
all	either	counting aloud	Five.
all	either	counting aloud	Forty-eight.
all	either	counting aloud	Forty-five.
all	either	counting aloud	Forty-four.
all	either	counting aloud	Forty-nine.
all	either	counting aloud	Forty-one.
all	either	counting aloud	Forty-seven.
all	either	counting aloud	Forty-six.
all	either	counting aloud	Forty-three.
all	either	counting aloud	Forty-two.
all	either	counting aloud	Forty.
all	either	counting aloud	Four.
all	either	counting aloud	Fourteen.
all	either	counting aloud	Nine.
all	either	counting aloud	Nineteen.
all	either	counting aloud	Ninety-eight.
all	either	counting aloud	Ninety-five.
all	either	counting aloud	Ninety-four.
all	either	counting aloud	Ninety-nine.
all	either	counting aloud	Ninety-one.
all	either	counting aloud	Ninety-seven.
all	either	counting aloud	Ninety-six.
all	either	counting aloud	Ninety-three.
all	either	counting aloud	Ninety-two.
all	either	counting aloud	Ninety.
all	either	counting aloud	One.
all	either	counting aloud	Seven.
all	either	counting aloud	Seventeen.
all	either	counting aloud	Seventy-eight.
all	either	counting aloud	Seventy-five.
all	either	counting aloud	Seventy-four.
all	either	counting aloud	Seventy-nine.
all	either	counting aloud	Seventy-one.
all	either	counting aloud	Seventy-seven.
all	either	counting aloud	Seventy-six.
all	either	counting aloud	Seventy-three.
all	either	counting aloud	Seventy-two.
all	either	counting aloud	Seventy.
all	either	counting aloud	Six.
all	either	counting aloud	Sixteen.
all	either	counting aloud	Sixty-eight.
all	either	counting aloud	Sixty-five.
all	either	counting aloud	Sixty-four.
all	either	counting aloud	Sixty-nine.
all	either	counting aloud	Sixty-one.
all	either	counting aloud	Sixty-seven.
all	either	counting aloud	Sixty-six.
all	either	counting aloud	Sixty-three.
all	either	counting aloud	Sixty-two.
all	either	counting aloud	Sixty.
all	either	counting aloud	Ten.
all	either	counting aloud	Thirteen.
all	either	counting aloud	Thirty-eight.
all	either	counting aloud	Thirty-five.
all	either	counting aloud	Thirty-four.
all	either	counting aloud	Thirty-nine.
all	either	counting aloud	Thirty-one.
all	either	counting aloud	Thirty-seven.
all	either	counting aloud	Thirty-six.
all	either	counting aloud	Thirty-three.
all	either	counting aloud	Thirty-two.
all	either	counting aloud	Thirty.
all	either	counting aloud	Three.
all	either	counting aloud	Twelve.
all	either	counting aloud	Twenty-eight.
all	either	counting aloud	Twenty-five.
all	either	counting aloud	Twenty-four.
all	either	counting aloud	Twenty-nine.
all	either	counting aloud	Twenty-one.
all	either	counting aloud	Twenty-seven.
all	either	counting aloud	Twenty-six.
all	either	counting aloud	Twenty-three.
all	either	counting aloud	Twenty-two.
all	either	counting aloud	Twenty.
all	either	counting aloud	Two.
all	either	crossing the rubicon	Over the rubicon.
all	either	elder takes all five	I take five.
all	either	elder takes fewer than five	I only take four.
all	either	elder takes fewer than five	I only take one.
all	either	elder takes fewer than five	I only take three.
all	either	elder takes fewer than five	I only take two.
all	either	nothing to call	No point.
all	either	nothing to call	No sequence.
all	either	nothing to call	No sets.
all	either	point: elder calls its length	Eight cards.
all	either	point: elder calls its length	Five cards.
all	either	point: elder calls its length	Four cards.
all	either	point: elder calls its length	One card.
all	either	point: elder calls its length	Seven cards.
all	either	point: elder calls its length	Six cards.
all	either	point: elder calls its length	Three cards.
all	either	point: elder calls its length	Two cards.
all	either	point: elder gives its value	Eight.
all	either	point: elder gives its value	Eighteen.
all	either	point: elder gives its value	Eleven.
all	either	point: elder gives its value	Fifteen.
all	either	point: elder gives its value	Fifty-eight.
all	either	point: elder gives its value	Fifty-five.
all	either	point: elder gives its value	Fifty-four.
all	either	point: elder gives its value	Fifty-nine.
all	either	point: elder gives its value	Fifty-one.
all	either	point: elder gives its value	Fifty-seven.
all	either	point: elder gives its value	Fifty-six.
all	either	point: elder gives its value	Fifty.
all	either	point: elder gives its value	Forty-eight.
all	either	point: elder gives its value	Forty-five.
all	either	point: elder gives its value	Forty-four.
all	either	point: elder gives its value	Forty-nine.
all	either	point: elder gives its value	Forty-one.
all	either	point: elder gives its value	Forty-seven.
all	either	point: elder gives its value	Forty-six.
all	either	point: elder gives its value	Forty.
all	either	point: elder gives its value	Nine.
all	either	point: elder gives its value	Nineteen.
all	either	point: elder gives its value	Seven.
all	either	point: elder gives its value	Seventeen.
all	either	point: elder gives its value	Seventy-five.
all	either	point: elder gives its value	Sixteen.
all	either	point: elder gives its value	Sixty-eight.
all	either	point: elder gives its value	Sixty-five.
all	either	point: elder gives its value	Sixty-four.
all	either	point: elder gives its value	Sixty-seven.
all	either	point: elder gives its value	Sixty-six.
all	either	point: elder gives its value	Sixty.
all	either	point: elder gives its value	Ten.
all	either	point: elder gives its value	Thirty-eight.
all	either	point: elder gives its value	Thirty-five.
all	either	point: elder gives its value	Thirty-four.
all	either	point: elder gives its value	Thirty-nine.
all	either	point: elder gives its value	Thirty-one.
all	either	point: elder gives its value	Thirty-seven.
all	either	point: elder gives its value	Thirty-six.
all	either	point: elder gives its value	Thirty.
all	either	point: elder gives its value	Twenty-eight.
all	either	point: elder gives its value	Twenty-five.
all	either	point: elder gives its value	Twenty-four.
all	either	point: elder gives its value	Twenty-nine.
all	either	point: elder gives its value	Twenty-one.
all	either	point: elder gives its value	Twenty-seven.
all	either	point: elder gives its value	Twenty-six.
all	either	point: elder gives its value	Twenty.
all	either	point: younger asks its value	What do they make?
all	either	sequence: elder calls its length	A huitième.
all	either	sequence: elder calls its length	A quart.
all	either	sequence: elder calls its length	A quint.
all	either	sequence: elder calls its length	A septième.
all	either	sequence: elder calls its length	A sixième.
all	either	sequence: elder calls its length	A tierce.
all	either	sequence: elder gives its top	To the ace.
all	either	sequence: elder gives its top	To the king.
all	either	sequence: elder gives its top	To the knave.
all	either	sequence: elder gives its top	To the nine.
all	either	sequence: elder gives its top	To the queen.
all	either	sequence: elder gives its top	To the ten.
all	either	sequence: younger asks how high	How high?
all	either	sets: elder calls a quatorze	A quatorze.
all	either	sets: elder calls a trio	A trio.
all	either	sets: elder gives the rank	Of aces.
all	either	sets: elder gives the rank	Of kings.
all	either	sets: elder gives the rank	Of knaves.
all	either	sets: elder gives the rank	Of queens.
all	either	sets: elder gives the rank	Of tens.
all	either	sets: younger asks of what	Of what?
all	either	the last deal begins	The last deal.
all	either	younger answers	Equal.
all	either	younger answers	Good.
all	either	younger answers	Not good.
all	either	younger takes	I take eight.
all	either	younger takes	I take five.
all	either	younger takes	I take four.
all	either	younger takes	I take one.
all	either	younger takes	I take seven.
all	either	younger takes	I take six.
all	either	younger takes	I take three.
all	either	younger takes	I take two.
all	either	younger takes none	None for me.
all	opponent	a deal won handsomely	Well played.
all	opponent	a drawn partie	A drawn partie. Well played.
all	opponent	another partie	Another partie?
all	opponent	choosing to deal first	I'll deal first.
all	opponent	letting the other deal first	You deal first.
all	opponent	the cut is equal	The same. Cut again.
all	opponent	the partie begins	Shall we play? Cut for the deal.
all	opponent	they cross the rubicon	You're over the rubicon.
all	opponent	they cut higher	My choice.
all	opponent	they win the partie	Good game.
all	opponent	they win, and rubicon you	Oh well. Maybe next time.
all	opponent	thinking	Hmm.
all	opponent	thinking	Let me see.
all	opponent	thinking	One moment.
all	opponent	you cut higher	Your choice of deal.
all	opponent	you win the partie	Congratulations! Well played.
all	opponent	you win, and rubicon them	Congratulations! You've rubiconed me.
all	player	a deal lost heavily	Oh well. Maybe next deal.
all	player	choosing to deal first	I'll deal first.
all	player	letting the other deal first	You deal first.
all	player	the partie ends	Good game.
all	player	the partie ends	Oh well. Maybe next time.
all	player	the partie ends	Thank you for the game.
all	player	the partie ends	Well played.
phrases	either	reckoning sequences	A huitième.
phrases	either	reckoning sequences	A quart major.
phrases	either	reckoning sequences	A quart minor.
phrases	either	reckoning sequences	A quart to a king.
phrases	either	reckoning sequences	A quart to a knave.
phrases	either	reckoning sequences	A quart to a queen.
phrases	either	reckoning sequences	A quint major.
phrases	either	reckoning sequences	A quint minor.
phrases	either	reckoning sequences	A quint to a king.
phrases	either	reckoning sequences	A quint to a queen.
phrases	either	reckoning sequences	A septième major.
phrases	either	reckoning sequences	A septième minor.
phrases	either	reckoning sequences	A sixième major.
phrases	either	reckoning sequences	A sixième minor.
phrases	either	reckoning sequences	A sixième to a king.
phrases	either	reckoning sequences	A tierce major.
phrases	either	reckoning sequences	A tierce minor.
phrases	either	reckoning sequences	A tierce to a king.
phrases	either	reckoning sequences	A tierce to a knave.
phrases	either	reckoning sequences	A tierce to a queen.
phrases	either	reckoning sequences	A tierce to a ten.
phrases	either	reckoning sets	Four aces.
phrases	either	reckoning sets	Four kings.
phrases	either	reckoning sets	Four knaves.
phrases	either	reckoning sets	Four queens.
phrases	either	reckoning sets	Four tens.
phrases	either	reckoning sets	Three aces.
phrases	either	reckoning sets	Three kings.
phrases	either	reckoning sets	Three knaves.
phrases	either	reckoning sets	Three queens.
phrases	either	reckoning sets	Three tens.
split	either	reckoning sequences	A huitième and a quart major.
split	either	reckoning sequences	A huitième and a quart minor.
split	either	reckoning sequences	A huitième and a quart to a king.
split	either	reckoning sequences	A huitième and a quart to a knave.
split	either	reckoning sequences	A huitième and a quart to a queen.
split	either	reckoning sequences	A huitième and a tierce major.
split	either	reckoning sequences	A huitième and a tierce minor.
split	either	reckoning sequences	A huitième and a tierce to a king.
split	either	reckoning sequences	A huitième and a tierce to a knave.
split	either	reckoning sequences	A huitième and a tierce to a queen.
split	either	reckoning sequences	A huitième and a tierce to a ten.
split	either	reckoning sequences	A huitième.
split	either	reckoning sequences	A quart major and a quart major.
split	either	reckoning sequences	A quart major and a quart minor.
split	either	reckoning sequences	A quart major and a quart to a king.
split	either	reckoning sequences	A quart major and a quart to a knave.
split	either	reckoning sequences	A quart major and a quart to a queen.
split	either	reckoning sequences	A quart major and a tierce major.
split	either	reckoning sequences	A quart major and a tierce minor.
split	either	reckoning sequences	A quart major and a tierce to a king.
split	either	reckoning sequences	A quart major and a tierce to a knave.
split	either	reckoning sequences	A quart major and a tierce to a queen.
split	either	reckoning sequences	A quart major and a tierce to a ten.
split	either	reckoning sequences	A quart major, a quart major and a quart major.
split	either	reckoning sequences	A quart major, a quart major and a quart minor.
split	either	reckoning sequences	A quart major, a quart major and a quart to a king.
split	either	reckoning sequences	A quart major, a quart major and a quart to a knave.
split	either	reckoning sequences	A quart major, a quart major and a quart to a queen.
split	either	reckoning sequences	A quart major, a quart major and a tierce major.
split	either	reckoning sequences	A quart major, a quart major and a tierce minor.
split	either	reckoning sequences	A quart major, a quart major and a tierce to a king.
split	either	reckoning sequences	A quart major, a quart major and a tierce to a knave.
split	either	reckoning sequences	A quart major, a quart major and a tierce to a queen.
split	either	reckoning sequences	A quart major, a quart major and a tierce to a ten.
split	either	reckoning sequences	A quart major, a quart minor and a quart minor.
split	either	reckoning sequences	A quart major, a quart minor and a tierce major.
split	either	reckoning sequences	A quart major, a quart minor and a tierce minor.
split	either	reckoning sequences	A quart major, a quart minor and a tierce to a king.
split	either	reckoning sequences	A quart major, a quart minor and a tierce to a knave.
split	either	reckoning sequences	A quart major, a quart minor and a tierce to a queen.
split	either	reckoning sequences	A quart major, a quart minor and a tierce to a ten.
split	either	reckoning sequences	A quart major, a quart to a king and a quart minor.
split	either	reckoning sequences	A quart major, a quart to a king and a quart to a king.
split	either	reckoning sequences	A quart major, a quart to a king and a quart to a knave.
split	either	reckoning sequences	A quart major, a quart to a king and a quart to a queen.
split	either	reckoning sequences	A quart major, a quart to a king and a tierce major.
split	either	reckoning sequences	A quart major, a quart to a king and a tierce minor.
split	either	reckoning sequences	A quart major, a quart to a king and a tierce to a king.
split	either	reckoning sequences	A quart major, a quart to a king and a tierce to a knave.
split	either	reckoning sequences	A quart major, a quart to a king and a tierce to a queen.
split	either	reckoning sequences	A quart major, a quart to a king and a tierce to a ten.
split	either	reckoning sequences	A quart major, a quart to a knave and a quart minor.
split	either	reckoning sequences	A quart major, a quart to a knave and a quart to a knave.
split	either	reckoning sequences	A quart major, a quart to a knave and a tierce major.
split	either	reckoning sequences	A quart major, a quart to a knave and a tierce minor.
split	either	reckoning sequences	A quart major, a quart to a knave and a tierce to a king.
split	either	reckoning sequences	A quart major, a quart to a knave and a tierce to a knave.
split	either	reckoning sequences	A quart major, a quart to a knave and a tierce to a queen.
split	either	reckoning sequences	A quart major, a quart to a knave and a tierce to a ten.
split	either	reckoning sequences	A quart major, a quart to a queen and a quart minor.
split	either	reckoning sequences	A quart major, a quart to a queen and a quart to a knave.
split	either	reckoning sequences	A quart major, a quart to a queen and a quart to a queen.
split	either	reckoning sequences	A quart major, a quart to a queen and a tierce major.
split	either	reckoning sequences	A quart major, a quart to a queen and a tierce minor.
split	either	reckoning sequences	A quart major, a quart to a queen and a tierce to a king.
split	either	reckoning sequences	A quart major, a quart to a queen and a tierce to a knave.
split	either	reckoning sequences	A quart major, a quart to a queen and a tierce to a queen.
split	either	reckoning sequences	A quart major, a quart to a queen and a tierce to a ten.
split	either	reckoning sequences	A quart major, a tierce major and a tierce major.
split	either	reckoning sequences	A quart major, a tierce major and a tierce minor.
split	either	reckoning sequences	A quart major, a tierce major and a tierce to a king.
split	either	reckoning sequences	A quart major, a tierce major and a tierce to a knave.
split	either	reckoning sequences	A quart major, a tierce major and a tierce to a queen.
split	either	reckoning sequences	A quart major, a tierce major and a tierce to a ten.
split	either	reckoning sequences	A quart major, a tierce minor and a tierce minor.
split	either	reckoning sequences	A quart major, a tierce to a king and a tierce minor.
split	either	reckoning sequences	A quart major, a tierce to a king and a tierce to a king.
split	either	reckoning sequences	A quart major, a tierce to a king and a tierce to a knave.
split	either	reckoning sequences	A quart major, a tierce to a king and a tierce to a queen.
split	either	reckoning sequences	A quart major, a tierce to a king and a tierce to a ten.
split	either	reckoning sequences	A quart major, a tierce to a knave and a tierce minor.
split	either	reckoning sequences	A quart major, a tierce to a knave and a tierce to a knave.
split	either	reckoning sequences	A quart major, a tierce to a knave and a tierce to a ten.
split	either	reckoning sequences	A quart major, a tierce to a queen and a tierce minor.
split	either	reckoning sequences	A quart major, a tierce to a queen and a tierce to a knave.
split	either	reckoning sequences	A quart major, a tierce to a queen and a tierce to a queen.
split	either	reckoning sequences	A quart major, a tierce to a queen and a tierce to a ten.
split	either	reckoning sequences	A quart major, a tierce to a ten and a tierce minor.
split	either	reckoning sequences	A quart major, a tierce to a ten and a tierce to a ten.
split	either	reckoning sequences	A quart major.
split	either	reckoning sequences	A quart minor and a quart minor.
split	either	reckoning sequences	A quart minor and a tierce major.
split	either	reckoning sequences	A quart minor and a tierce minor.
split	either	reckoning sequences	A quart minor and a tierce to a king.
split	either	reckoning sequences	A quart minor and a tierce to a knave.
split	either	reckoning sequences	A quart minor and a tierce to a queen.
split	either	reckoning sequences	A quart minor and a tierce to a ten.
split	either	reckoning sequences	A quart minor, a quart minor and a quart minor.
split	either	reckoning sequences	A quart minor, a quart minor and a tierce major.
split	either	reckoning sequences	A quart minor, a quart minor and a tierce minor.
split	either	reckoning sequences	A quart minor, a quart minor and a tierce to a king.
split	either	reckoning sequences	A quart minor, a quart minor and a tierce to a knave.
split	either	reckoning sequences	A quart minor, a quart minor and a tierce to a queen.
split	either	reckoning sequences	A quart minor, a quart minor and a tierce to a ten.
split	either	reckoning sequences	A quart minor, a tierce major and a tierce major.
split	either	reckoning sequences	A quart minor, a tierce major and a tierce minor.
split	either	reckoning sequences	A quart minor, a tierce major and a tierce to a king.
split	either	reckoning sequences	A quart minor, a tierce major and a tierce to a knave.
split	either	reckoning sequences	A quart minor, a tierce major and a tierce to a queen.
split	either	reckoning sequences	A quart minor, a tierce major and a tierce to a ten.
split	either	reckoning sequences	A quart minor, a tierce minor and a tierce minor.
split	either	reckoning sequences	A quart minor, a tierce to a king and a tierce minor.
split	either	reckoning sequences	A quart minor, a tierce to a king and a tierce to a king.
split	either	reckoning sequences	A quart minor, a tierce to a king and a tierce to a knave.
split	either	reckoning sequences	A quart minor, a tierce to a king and a tierce to a queen.
split	either	reckoning sequences	A quart minor, a tierce to a king and a tierce to a ten.
split	either	reckoning sequences	A quart minor, a tierce to a knave and a tierce minor.
split	either	reckoning sequences	A quart minor, a tierce to a knave and a tierce to a knave.
split	either	reckoning sequences	A quart minor, a tierce to a knave and a tierce to a ten.
split	either	reckoning sequences	A quart minor, a tierce to a queen and a tierce minor.
split	either	reckoning sequences	A quart minor, a tierce to a queen and a tierce to a knave.
split	either	reckoning sequences	A quart minor, a tierce to a queen and a tierce to a queen.
split	either	reckoning sequences	A quart minor, a tierce to a queen and a tierce to a ten.
split	either	reckoning sequences	A quart minor, a tierce to a ten and a tierce minor.
split	either	reckoning sequences	A quart minor, a tierce to a ten and a tierce to a ten.
split	either	reckoning sequences	A quart minor.
split	either	reckoning sequences	A quart to a king and a quart minor.
split	either	reckoning sequences	A quart to a king and a quart to a king.
split	either	reckoning sequences	A quart to a king and a quart to a knave.
split	either	reckoning sequences	A quart to a king and a quart to a queen.
split	either	reckoning sequences	A quart to a king and a tierce major.
split	either	reckoning sequences	A quart to a king and a tierce minor.
split	either	reckoning sequences	A quart to a king and a tierce to a king.
split	either	reckoning sequences	A quart to a king and a tierce to a knave.
split	either	reckoning sequences	A quart to a king and a tierce to a queen.
split	either	reckoning sequences	A quart to a king and a tierce to a ten.
split	either	reckoning sequences	A quart to a king, a quart minor and a quart minor.
split	either	reckoning sequences	A quart to a king, a quart minor and a tierce major.
split	either	reckoning sequences	A quart to a king, a quart minor and a tierce minor.
split	either	reckoning sequences	A quart to a king, a quart minor and a tierce to a king.
split	either	reckoning sequences	A quart to a king, a quart minor and a tierce to a knave.
split	either	reckoning sequences	A quart to a king, a quart minor and a tierce to a queen.
split	either	reckoning sequences	A quart to a king, a quart minor and a tierce to a ten.
split	either	reckoning sequences	A quart to a king, a quart to a king and a quart minor.
split	either	reckoning sequences	A quart to a king, a quart to a king and a quart to a king.
split	either	reckoning sequences	A quart to a king, a quart to a king and a quart to a knave.
split	either	reckoning sequences	A quart to a king, a quart to a king and a quart to a queen.
split	either	reckoning sequences	A quart to a king, a quart to a king and a tierce major.
split	either	reckoning sequences	A quart to a king, a quart to a king and a tierce minor.
split	either	reckoning sequences	A quart to a king, a quart to a king and a tierce to a king.
split	either	reckoning sequences	A quart to a king, a quart to a king and a tierce to a knave.
split	either	reckoning sequences	A quart to a king, a quart to a king and a tierce to a queen.
split	either	reckoning sequences	A quart to a king, a quart to a king and a tierce to a ten.
split	either	reckoning sequences	A quart to a king, a quart to a knave and a quart minor.
split	either	reckoning sequences	A quart to a king, a quart to a knave and a quart to a knave.
split	either	reckoning sequences	A quart to a king, a quart to a knave and a tierce major.
split	either	reckoning sequences	A quart to a king, a quart to a knave and a tierce minor.
split	either	reckoning sequences	A quart to a king, a quart to a knave and a tierce to a king.
split	either	reckoning sequences	A quart to a king, a quart to a knave and a tierce to a knave.
split	either	reckoning sequences	A quart to a king, a quart to a knave and a tierce to a queen.
split	either	reckoning sequences	A quart to a king, a quart to a knave and a tierce to a ten.
split	either	reckoning sequences	A quart to a king, a quart to a queen and a quart minor.
split	either	reckoning sequences	A quart to a king, a quart to a queen and a quart to a knave.
split	either	reckoning sequences	A quart to a king, a quart to a queen and a quart to a queen.
split	either	reckoning sequences	A quart to a king, a quart to a queen and a tierce major.
split	either	reckoning sequences	A quart to a king, a quart to a queen and a tierce minor.
split	either	reckoning sequences	A quart to a king, a quart to a queen and a tierce to a king.
split	either	reckoning sequences	A quart to a king, a quart to a queen and a tierce to a knave.
split	either	reckoning sequences	A quart to a king, a quart to a queen and a tierce to a queen.
split	either	reckoning sequences	A quart to a king, a quart to a queen and a tierce to a ten.
split	either	reckoning sequences	A quart to a king, a tierce major and a tierce major.
split	either	reckoning sequences	A quart to a king, a tierce major and a tierce minor.
split	either	reckoning sequences	A quart to a king, a tierce major and a tierce to a king.
split	either	reckoning sequences	A quart to a king, a tierce major and a tierce to a knave.
split	either	reckoning sequences	A quart to a king, a tierce major and a tierce to a queen.
split	either	reckoning sequences	A quart to a king, a tierce major and a tierce to a ten.
split	either	reckoning sequences	A quart to a king, a tierce minor and a tierce minor.
split	either	reckoning sequences	A quart to a king, a tierce to a king and a tierce minor.
split	either	reckoning sequences	A quart to a king, a tierce to a king and a tierce to a king.
split	either	reckoning sequences	A quart to a king, a tierce to a king and a tierce to a knave.
split	either	reckoning sequences	A quart to a king, a tierce to a king and a tierce to a queen.
split	either	reckoning sequences	A quart to a king, a tierce to a king and a tierce to a ten.
split	either	reckoning sequences	A quart to a king, a tierce to a knave and a tierce minor.
split	either	reckoning sequences	A quart to a king, a tierce to a knave and a tierce to a knave.
split	either	reckoning sequences	A quart to a king, a tierce to a knave and a tierce to a ten.
split	either	reckoning sequences	A quart to a king, a tierce to a queen and a tierce minor.
split	either	reckoning sequences	A quart to a king, a tierce to a queen and a tierce to a knave.
split	either	reckoning sequences	A quart to a king, a tierce to a queen and a tierce to a queen.
split	either	reckoning sequences	A quart to a king, a tierce to a queen and a tierce to a ten.
split	either	reckoning sequences	A quart to a king, a tierce to a ten and a tierce minor.
split	either	reckoning sequences	A quart to a king, a tierce to a ten and a tierce to a ten.
split	either	reckoning sequences	A quart to a king.
split	either	reckoning sequences	A quart to a knave and a quart minor.
split	either	reckoning sequences	A quart to a knave and a quart to a knave.
split	either	reckoning sequences	A quart to a knave and a tierce major.
split	either	reckoning sequences	A quart to a knave and a tierce minor.
split	either	reckoning sequences	A quart to a knave and a tierce to a king.
split	either	reckoning sequences	A quart to a knave and a tierce to a knave.
split	either	reckoning sequences	A quart to a knave and a tierce to a queen.
split	either	reckoning sequences	A quart to a knave and a tierce to a ten.
split	either	reckoning sequences	A quart to a knave, a quart minor and a quart minor.
split	either	reckoning sequences	A quart to a knave, a quart minor and a tierce major.
split	either	reckoning sequences	A quart to a knave, a quart minor and a tierce minor.
split	either	reckoning sequences	A quart to a knave, a quart minor and a tierce to a king.
split	either	reckoning sequences	A quart to a knave, a quart minor and a tierce to a knave.
split	either	reckoning sequences	A quart to a knave, a quart minor and a tierce to a queen.
split	either	reckoning sequences	A quart to a knave, a quart minor and a tierce to a ten.
split	either	reckoning sequences	A quart to a knave, a quart to a knave and a quart minor.
split	either	reckoning sequences	A quart to a knave, a quart to a knave and a quart to a knave.
split	either	reckoning sequences	A quart to a knave, a quart to a knave and a tierce major.
split	either	reckoning sequences	A quart to a knave, a quart to a knave and a tierce minor.
split	either	reckoning sequences	A quart to a knave, a quart to a knave and a tierce to a king.
split	either	reckoning sequences	A quart to a knave, a quart to a knave and a tierce to a knave.
split	either	reckoning sequences	A quart to a knave, a quart to a knave and a tierce to a queen.
split	either	reckoning sequences	A quart to a knave, a quart to a knave and a tierce to a ten.
split	either	reckoning sequences	A quart to a knave, a tierce major and a tierce major.
split	either	reckoning sequences	A quart to a knave, a tierce major and a tierce minor.
split	either	reckoning sequences	A quart to a knave, a tierce major and a tierce to a king.
split	either	reckoning sequences	A quart to a knave, a tierce major and a tierce to a knave.
split	either	reckoning sequences	A quart to a knave, a tierce major and a tierce to a queen.
split	either	reckoning sequences	A quart to a knave, a tierce major and a tierce to a ten.
split	either	reckoning sequences	A quart to a knave, a tierce minor and a tierce minor.
split	either	reckoning sequences	A quart to a knave, a tierce to a king and a tierce minor.
split	either	reckoning sequences	A quart to a knave, a tierce to a king and a tierce to a king.
split	either	reckoning sequences	A quart to a knave, a tierce to a king and a tierce to a knave.
split	either	reckoning sequences	A quart to a knave, a tierce to a king and a tierce to a queen.
split	either	reckoning sequences	A quart to a knave, a tierce to a king and a tierce to a ten.
split	either	reckoning sequences	A quart to a knave, a tierce to a knave and a tierce minor.
split	either	reckoning sequences	A quart to a knave, a tierce to a knave and a tierce to a knave.
split	either	reckoning sequences	A quart to a knave, a tierce to a knave and a tierce to a ten.
split	either	reckoning sequences	A quart to a knave, a tierce to a queen and a tierce minor.
split	either	reckoning sequences	A quart to a knave, a tierce to a queen and a tierce to a knave.
split	either	reckoning sequences	A quart to a knave, a tierce to a queen and a tierce to a queen.
split	either	reckoning sequences	A quart to a knave, a tierce to a queen and a tierce to a ten.
split	either	reckoning sequences	A quart to a knave, a tierce to a ten and a tierce minor.
split	either	reckoning sequences	A quart to a knave, a tierce to a ten and a tierce to a ten.
split	either	reckoning sequences	A quart to a knave.
split	either	reckoning sequences	A quart to a queen and a quart minor.
split	either	reckoning sequences	A quart to a queen and a quart to a knave.
split	either	reckoning sequences	A quart to a queen and a quart to a queen.
split	either	reckoning sequences	A quart to a queen and a tierce major.
split	either	reckoning sequences	A quart to a queen and a tierce minor.
split	either	reckoning sequences	A quart to a queen and a tierce to a king.
split	either	reckoning sequences	A quart to a queen and a tierce to a knave.
split	either	reckoning sequences	A quart to a queen and a tierce to a queen.
split	either	reckoning sequences	A quart to a queen and a tierce to a ten.
split	either	reckoning sequences	A quart to a queen, a quart minor and a quart minor.
split	either	reckoning sequences	A quart to a queen, a quart minor and a tierce major.
split	either	reckoning sequences	A quart to a queen, a quart minor and a tierce minor.
split	either	reckoning sequences	A quart to a queen, a quart minor and a tierce to a king.
split	either	reckoning sequences	A quart to a queen, a quart minor and a tierce to a knave.
split	either	reckoning sequences	A quart to a queen, a quart minor and a tierce to a queen.
split	either	reckoning sequences	A quart to a queen, a quart minor and a tierce to a ten.
split	either	reckoning sequences	A quart to a queen, a quart to a knave and a quart minor.
split	either	reckoning sequences	A quart to a queen, a quart to a knave and a quart to a knave.
split	either	reckoning sequences	A quart to a queen, a quart to a knave and a tierce major.
split	either	reckoning sequences	A quart to a queen, a quart to a knave and a tierce minor.
split	either	reckoning sequences	A quart to a queen, a quart to a knave and a tierce to a king.
split	either	reckoning sequences	A quart to a queen, a quart to a knave and a tierce to a knave.
split	either	reckoning sequences	A quart to a queen, a quart to a knave and a tierce to a queen.
split	either	reckoning sequences	A quart to a queen, a quart to a knave and a tierce to a ten.
split	either	reckoning sequences	A quart to a queen, a quart to a queen and a quart minor.
split	either	reckoning sequences	A quart to a queen, a quart to a queen and a quart to a knave.
split	either	reckoning sequences	A quart to a queen, a quart to a queen and a quart to a queen.
split	either	reckoning sequences	A quart to a queen, a quart to a queen and a tierce major.
split	either	reckoning sequences	A quart to a queen, a quart to a queen and a tierce minor.
split	either	reckoning sequences	A quart to a queen, a quart to a queen and a tierce to a king.
split	either	reckoning sequences	A quart to a queen, a quart to a queen and a tierce to a knave.
split	either	reckoning sequences	A quart to a queen, a quart to a queen and a tierce to a queen.
split	either	reckoning sequences	A quart to a queen, a quart to a queen and a tierce to a ten.
split	either	reckoning sequences	A quart to a queen, a tierce major and a tierce major.
split	either	reckoning sequences	A quart to a queen, a tierce major and a tierce minor.
split	either	reckoning sequences	A quart to a queen, a tierce major and a tierce to a king.
split	either	reckoning sequences	A quart to a queen, a tierce major and a tierce to a knave.
split	either	reckoning sequences	A quart to a queen, a tierce major and a tierce to a queen.
split	either	reckoning sequences	A quart to a queen, a tierce major and a tierce to a ten.
split	either	reckoning sequences	A quart to a queen, a tierce minor and a tierce minor.
split	either	reckoning sequences	A quart to a queen, a tierce to a king and a tierce minor.
split	either	reckoning sequences	A quart to a queen, a tierce to a king and a tierce to a king.
split	either	reckoning sequences	A quart to a queen, a tierce to a king and a tierce to a knave.
split	either	reckoning sequences	A quart to a queen, a tierce to a king and a tierce to a queen.
split	either	reckoning sequences	A quart to a queen, a tierce to a king and a tierce to a ten.
split	either	reckoning sequences	A quart to a queen, a tierce to a knave and a tierce minor.
split	either	reckoning sequences	A quart to a queen, a tierce to a knave and a tierce to a knave.
split	either	reckoning sequences	A quart to a queen, a tierce to a knave and a tierce to a ten.
split	either	reckoning sequences	A quart to a queen, a tierce to a queen and a tierce minor.
split	either	reckoning sequences	A quart to a queen, a tierce to a queen and a tierce to a knave.
split	either	reckoning sequences	A quart to a queen, a tierce to a queen and a tierce to a queen.
split	either	reckoning sequences	A quart to a queen, a tierce to a queen and a tierce to a ten.
split	either	reckoning sequences	A quart to a queen, a tierce to a ten and a tierce minor.
split	either	reckoning sequences	A quart to a queen, a tierce to a ten and a tierce to a ten.
split	either	reckoning sequences	A quart to a queen.
split	either	reckoning sequences	A quint major and a quart major.
split	either	reckoning sequences	A quint major and a quart minor.
split	either	reckoning sequences	A quint major and a quart to a king.
split	either	reckoning sequences	A quint major and a quart to a knave.
split	either	reckoning sequences	A quint major and a quart to a queen.
split	either	reckoning sequences	A quint major and a quint major.
split	either	reckoning sequences	A quint major and a quint minor.
split	either	reckoning sequences	A quint major and a quint to a king.
split	either	reckoning sequences	A quint major and a quint to a queen.
split	either	reckoning sequences	A quint major and a tierce major.
split	either	reckoning sequences	A quint major and a tierce minor.
split	either	reckoning sequences	A quint major and a tierce to a king.
split	either	reckoning sequences	A quint major and a tierce to a knave.
split	either	reckoning sequences	A quint major and a tierce to a queen.
split	either	reckoning sequences	A quint major and a tierce to a ten.
split	either	reckoning sequences	A quint major, a quart major and a tierce major.
split	either	reckoning sequences	A quint major, a quart major and a tierce minor.
split	either	reckoning sequences	A quint major, a quart major and a tierce to a king.
split	either	reckoning sequences	A quint major, a quart major and a tierce to a knave.
split	either	reckoning sequences	A quint major, a quart major and a tierce to a queen.
split	either	reckoning sequences	A quint major, a quart major and a tierce to a ten.
split	either	reckoning sequences	A quint major, a quart minor and a tierce major.
split	either	reckoning sequences	A quint major, a quart minor and a tierce minor.
split	either	reckoning sequences	A quint major, a quart minor and a tierce to a king.
split	either	reckoning sequences	A quint major, a quart minor and a tierce to a knave.
split	either	reckoning sequences	A quint major, a quart minor and a tierce to a queen.
split	either	reckoning sequences	A quint major, a quart minor and a tierce to a ten.
split	either	reckoning sequences	A quint major, a quart to a king and a tierce major.
split	either	reckoning sequences	A quint major, a quart to a king and a tierce minor.
split	either	reckoning sequences	A quint major, a quart to a king and a tierce to a king.
split	either	reckoning sequences	A quint major, a quart to a king and a tierce to a knave.
split	either	reckoning sequences	A quint major, a quart to a king and a tierce to a queen.
split	either	reckoning sequences	A quint major, a quart to a king and a tierce to a ten.
split	either	reckoning sequences	A quint major, a quart to a knave and a tierce major.
split	either	reckoning sequences	A quint major, a quart to a knave and a tierce minor.
split	either	reckoning sequences	A quint major, a quart to a knave and a tierce to a king.
split	either	reckoning sequences	A quint major, a quart to a knave and a tierce to a knave.
split	either	reckoning sequences	A quint major, a quart to a knave and a tierce to a queen.
split	either	reckoning sequences	A quint major, a quart to a knave and a tierce to a ten.
split	either	reckoning sequences	A quint major, a quart to a queen and a tierce major.
split	either	reckoning sequences	A quint major, a quart to a queen and a tierce minor.
split	either	reckoning sequences	A quint major, a quart to a queen and a tierce to a king.
split	either	reckoning sequences	A quint major, a quart to a queen and a tierce to a knave.
split	either	reckoning sequences	A quint major, a quart to a queen and a tierce to a queen.
split	either	reckoning sequences	A quint major, a quart to a queen and a tierce to a ten.
split	either	reckoning sequences	A quint major, a tierce major and a tierce major.
split	either	reckoning sequences	A quint major, a tierce major and a tierce minor.
split	either	reckoning sequences	A quint major, a tierce major and a tierce to a king.
split	either	reckoning sequences	A quint major, a tierce major and a tierce to a knave.
split	either	reckoning sequences	A quint major, a tierce major and a tierce to a queen.
split	either	reckoning sequences	A quint major, a tierce major and a tierce to a ten.
split	either	reckoning sequences	A quint major, a tierce minor and a tierce minor.
split	either	reckoning sequences	A quint major, a tierce to a king and a tierce minor.
split	either	reckoning sequences	A quint major, a tierce to a king and a tierce to a king.
split	either	reckoning sequences	A quint major, a tierce to a king and a tierce to a knave.
split	either	reckoning sequences	A quint major, a tierce to a king and a tierce to a queen.
split	either	reckoning sequences	A quint major, a tierce to a king and a tierce to a ten.
split	either	reckoning sequences	A quint major, a tierce to a knave and a tierce minor.
split	either	reckoning sequences	A quint major, a tierce to a knave and a tierce to a knave.
split	either	reckoning sequences	A quint major, a tierce to a knave and a tierce to a ten.
split	either	reckoning sequences	A quint major, a tierce to a queen and a tierce minor.
split	either	reckoning sequences	A quint major, a tierce to a queen and a tierce to a knave.
split	either	reckoning sequences	A quint major, a tierce to a queen and a tierce to a queen.
split	either	reckoning sequences	A quint major, a tierce to a queen and a tierce to a ten.
split	either	reckoning sequences	A quint major, a tierce to a ten and a tierce minor.
split	either	reckoning sequences	A quint major, a tierce to a ten and a tierce to a ten.
split	either	reckoning sequences	A quint major.
split	either	reckoning sequences	A quint minor and a quart major.
split	either	reckoning sequences	A quint minor and a quart minor.
split	either	reckoning sequences	A quint minor and a quart to a king.
split	either	reckoning sequences	A quint minor and a quart to a knave.
split	either	reckoning sequences	A quint minor and a quart to a queen.
split	either	reckoning sequences	A quint minor and a quint minor.
split	either	reckoning sequences	A quint minor and a tierce major.
split	either	reckoning sequences	A quint minor and a tierce minor.
split	either	reckoning sequences	A quint minor and a tierce to a king.
split	either	reckoning sequences	A quint minor and a tierce to a knave.
split	either	reckoning sequences	A quint minor and a tierce to a queen.
split	either	reckoning sequences	A quint minor and a tierce to a ten.
split	either	reckoning sequences	A quint minor, a quart major and a tierce major.
split	either	reckoning sequences	A quint minor, a quart major and a tierce minor.
split	either	reckoning sequences	A quint minor, a quart major and a tierce to a king.
split	either	reckoning sequences	A quint minor, a quart major and a tierce to a knave.
split	either	reckoning sequences	A quint minor, a quart major and a tierce to a queen.
split	either	reckoning sequences	A quint minor, a quart major and a tierce to a ten.
split	either	reckoning sequences	A quint minor, a quart minor and a tierce major.
split	either	reckoning sequences	A quint minor, a quart minor and a tierce minor.
split	either	reckoning sequences	A quint minor, a quart minor and a tierce to a king.
split	either	reckoning sequences	A quint minor, a quart minor and a tierce to a knave.
split	either	reckoning sequences	A quint minor, a quart minor and a tierce to a queen.
split	either	reckoning sequences	A quint minor, a quart minor and a tierce to a ten.
split	either	reckoning sequences	A quint minor, a quart to a king and a tierce major.
split	either	reckoning sequences	A quint minor, a quart to a king and a tierce minor.
split	either	reckoning sequences	A quint minor, a quart to a king and a tierce to a king.
split	either	reckoning sequences	A quint minor, a quart to a king and a tierce to a knave.
split	either	reckoning sequences	A quint minor, a quart to a king and a tierce to a queen.
split	either	reckoning sequences	A quint minor, a quart to a king and a tierce to a ten.
split	either	reckoning sequences	A quint minor, a quart to a knave and a tierce major.
split	either	reckoning sequences	A quint minor, a quart to a knave and a tierce minor.
split	either	reckoning sequences	A quint minor, a quart to a knave and a tierce to a king.
split	either	reckoning sequences	A quint minor, a quart to a knave and a tierce to a knave.
split	either	reckoning sequences	A quint minor, a quart to a knave and a tierce to a queen.
split	either	reckoning sequences	A quint minor, a quart to a knave and a tierce to a ten.
split	either	reckoning sequences	A quint minor, a quart to a queen and a tierce major.
split	either	reckoning sequences	A quint minor, a quart to a queen and a tierce minor.
split	either	reckoning sequences	A quint minor, a quart to a queen and a tierce to a king.
split	either	reckoning sequences	A quint minor, a quart to a queen and a tierce to a knave.
split	either	reckoning sequences	A quint minor, a quart to a queen and a tierce to a queen.
split	either	reckoning sequences	A quint minor, a quart to a queen and a tierce to a ten.
split	either	reckoning sequences	A quint minor, a tierce major and a tierce major.
split	either	reckoning sequences	A quint minor, a tierce major and a tierce minor.
split	either	reckoning sequences	A quint minor, a tierce major and a tierce to a king.
split	either	reckoning sequences	A quint minor, a tierce major and a tierce to a knave.
split	either	reckoning sequences	A quint minor, a tierce major and a tierce to a queen.
split	either	reckoning sequences	A quint minor, a tierce major and a tierce to a ten.
split	either	reckoning sequences	A quint minor, a tierce minor and a tierce minor.
split	either	reckoning sequences	A quint minor, a tierce to a king and a tierce minor.
split	either	reckoning sequences	A quint minor, a tierce to a king and a tierce to a king.
split	either	reckoning sequences	A quint minor, a tierce to a king and a tierce to a knave.
split	either	reckoning sequences	A quint minor, a tierce to a king and a tierce to a queen.
split	either	reckoning sequences	A quint minor, a tierce to a king and a tierce to a ten.
split	either	reckoning sequences	A quint minor, a tierce to a knave and a tierce minor.
split	either	reckoning sequences	A quint minor, a tierce to a knave and a tierce to a knave.
split	either	reckoning sequences	A quint minor, a tierce to a knave and a tierce to a ten.
split	either	reckoning sequences	A quint minor, a tierce to a queen and a tierce minor.
split	either	reckoning sequences	A quint minor, a tierce to a queen and a tierce to a knave.
split	either	reckoning sequences	A quint minor, a tierce to a queen and a tierce to a queen.
split	either	reckoning sequences	A quint minor, a tierce to a queen and a tierce to a ten.
split	either	reckoning sequences	A quint minor, a tierce to a ten and a tierce minor.
split	either	reckoning sequences	A quint minor, a tierce to a ten and a tierce to a ten.
split	either	reckoning sequences	A quint minor.
split	either	reckoning sequences	A quint to a king and a quart major.
split	either	reckoning sequences	A quint to a king and a quart minor.
split	either	reckoning sequences	A quint to a king and a quart to a king.
split	either	reckoning sequences	A quint to a king and a quart to a knave.
split	either	reckoning sequences	A quint to a king and a quart to a queen.
split	either	reckoning sequences	A quint to a king and a quint minor.
split	either	reckoning sequences	A quint to a king and a quint to a king.
split	either	reckoning sequences	A quint to a king and a quint to a queen.
split	either	reckoning sequences	A quint to a king and a tierce major.
split	either	reckoning sequences	A quint to a king and a tierce minor.
split	either	reckoning sequences	A quint to a king and a tierce to a king.
split	either	reckoning sequences	A quint to a king and a tierce to a knave.
split	either	reckoning sequences	A quint to a king and a tierce to a queen.
split	either	reckoning sequences	A quint to a king and a tierce to a ten.
split	either	reckoning sequences	A quint to a king, a quart major and a tierce major.
split	either	reckoning sequences	A quint to a king, a quart major and a tierce minor.
split	either	reckoning sequences	A quint to a king, a quart major and a tierce to a king.
split	either	reckoning sequences	A quint to a king, a quart major and a tierce to a knave.
split	either	reckoning sequences	A quint to a king, a quart major and a tierce to a queen.
split	either	reckoning sequences	A quint to a king, a quart major and a tierce to a ten.
split	either	reckoning sequences	A quint to a king, a quart minor and a tierce major.
split	either	reckoning sequences	A quint to a king, a quart minor and a tierce minor.
split	either	reckoning sequences	A quint to a king, a quart minor and a tierce to a king.
split	either	reckoning sequences	A quint to a king, a quart minor and a tierce to a knave.
split	either	reckoning sequences	A quint to a king, a quart minor and a tierce to a queen.
split	either	reckoning sequences	A quint to a king, a quart minor and a tierce to a ten.
split	either	reckoning sequences	A quint to a king, a quart to a king and a tierce major.
split	either	reckoning sequences	A quint to a king, a quart to a king and a tierce minor.
split	either	reckoning sequences	A quint to a king, a quart to a king and a tierce to a king.
split	either	reckoning sequences	A quint to a king, a quart to a king and a tierce to a knave.
split	either	reckoning sequences	A quint to a king, a quart to a king and a tierce to a queen.
split	either	reckoning sequences	A quint to a king, a quart to a king and a tierce to a ten.
split	either	reckoning sequences	A quint to a king, a quart to a knave and a tierce major.
split	either	reckoning sequences	A quint to a king, a quart to a knave and a tierce minor.
split	either	reckoning sequences	A quint to a king, a quart to a knave and a tierce to a king.
split	either	reckoning sequences	A quint to a king, a quart to a knave and a tierce to a knave.
split	either	reckoning sequences	A quint to a king, a quart to a knave and a tierce to a queen.
split	either	reckoning sequences	A quint to a king, a quart to a knave and a tierce to a ten.
split	either	reckoning sequences	A quint to a king, a quart to a queen and a tierce major.
split	either	reckoning sequences	A quint to a king, a quart to a queen and a tierce minor.
split	either	reckoning sequences	A quint to a king, a quart to a queen and a tierce to a king.
split	either	reckoning sequences	A quint to a king, a quart to a queen and a tierce to a knave.
split	either	reckoning sequences	A quint to a king, a quart to a queen and a tierce to a queen.
split	either	reckoning sequences	A quint to a king, a quart to a queen and a tierce to a ten.
split	either	reckoning sequences	A quint to a king, a tierce major and a tierce major.
split	either	reckoning sequences	A quint to a king, a tierce major and a tierce minor.
split	either	reckoning sequences	A quint to a king, a tierce major and a tierce to a king.
split	either	reckoning sequences	A quint to a king, a tierce major and a tierce to a knave.
split	either	reckoning sequences	A quint to a king, a tierce major and a tierce to a queen.
split	either	reckoning sequences	A quint to a king, a tierce major and a tierce to a ten.
split	either	reckoning sequences	A quint to a king, a tierce minor and a tierce minor.
split	either	reckoning sequences	A quint to a king, a tierce to a king and a tierce minor.
split	either	reckoning sequences	A quint to a king, a tierce to a king and a tierce to a king.
split	either	reckoning sequences	A quint to a king, a tierce to a king and a tierce to a knave.
split	either	reckoning sequences	A quint to a king, a tierce to a king and a tierce to a queen.
split	either	reckoning sequences	A quint to a king, a tierce to a king and a tierce to a ten.
split	either	reckoning sequences	A quint to a king, a tierce to a knave and a tierce minor.
split	either	reckoning sequences	A quint to a king, a tierce to a knave and a tierce to a knave.
split	either	reckoning sequences	A quint to a king, a tierce to a knave and a tierce to a ten.
split	either	reckoning sequences	A quint to a king, a tierce to a queen and a tierce minor.
split	either	reckoning sequences	A quint to a king, a tierce to a queen and a tierce to a knave.
split	either	reckoning sequences	A quint to a king, a tierce to a queen and a tierce to a queen.
split	either	reckoning sequences	A quint to a king, a tierce to a queen and a tierce to a ten.
split	either	reckoning sequences	A quint to a king, a tierce to a ten and a tierce minor.
split	either	reckoning sequences	A quint to a king, a tierce to a ten and a tierce to a ten.
split	either	reckoning sequences	A quint to a king.
split	either	reckoning sequences	A quint to a queen and a quart major.
split	either	reckoning sequences	A quint to a queen and a quart minor.
split	either	reckoning sequences	A quint to a queen and a quart to a king.
split	either	reckoning sequences	A quint to a queen and a quart to a knave.
split	either	reckoning sequences	A quint to a queen and a quart to a queen.
split	either	reckoning sequences	A quint to a queen and a quint minor.
split	either	reckoning sequences	A quint to a queen and a quint to a queen.
split	either	reckoning sequences	A quint to a queen and a tierce major.
split	either	reckoning sequences	A quint to a queen and a tierce minor.
split	either	reckoning sequences	A quint to a queen and a tierce to a king.
split	either	reckoning sequences	A quint to a queen and a tierce to a knave.
split	either	reckoning sequences	A quint to a queen and a tierce to a queen.
split	either	reckoning sequences	A quint to a queen and a tierce to a ten.
split	either	reckoning sequences	A quint to a queen, a quart major and a tierce major.
split	either	reckoning sequences	A quint to a queen, a quart major and a tierce minor.
split	either	reckoning sequences	A quint to a queen, a quart major and a tierce to a king.
split	either	reckoning sequences	A quint to a queen, a quart major and a tierce to a knave.
split	either	reckoning sequences	A quint to a queen, a quart major and a tierce to a queen.
split	either	reckoning sequences	A quint to a queen, a quart major and a tierce to a ten.
split	either	reckoning sequences	A quint to a queen, a quart minor and a tierce major.
split	either	reckoning sequences	A quint to a queen, a quart minor and a tierce minor.
split	either	reckoning sequences	A quint to a queen, a quart minor and a tierce to a king.
split	either	reckoning sequences	A quint to a queen, a quart minor and a tierce to a knave.
split	either	reckoning sequences	A quint to a queen, a quart minor and a tierce to a queen.
split	either	reckoning sequences	A quint to a queen, a quart minor and a tierce to a ten.
split	either	reckoning sequences	A quint to a queen, a quart to a king and a tierce major.
split	either	reckoning sequences	A quint to a queen, a quart to a king and a tierce minor.
split	either	reckoning sequences	A quint to a queen, a quart to a king and a tierce to a king.
split	either	reckoning sequences	A quint to a queen, a quart to a king and a tierce to a knave.
split	either	reckoning sequences	A quint to a queen, a quart to a king and a tierce to a queen.
split	either	reckoning sequences	A quint to a queen, a quart to a king and a tierce to a ten.
split	either	reckoning sequences	A quint to a queen, a quart to a knave and a tierce major.
split	either	reckoning sequences	A quint to a queen, a quart to a knave and a tierce minor.
split	either	reckoning sequences	A quint to a queen, a quart to a knave and a tierce to a king.
split	either	reckoning sequences	A quint to a queen, a quart to a knave and a tierce to a knave.
split	either	reckoning sequences	A quint to a queen, a quart to a knave and a tierce to a queen.
split	either	reckoning sequences	A quint to a queen, a quart to a knave and a tierce to a ten.
split	either	reckoning sequences	A quint to a queen, a quart to a queen and a tierce major.
split	either	reckoning sequences	A quint to a queen, a quart to a queen and a tierce minor.
split	either	reckoning sequences	A quint to a queen, a quart to a queen and a tierce to a king.
split	either	reckoning sequences	A quint to a queen, a quart to a queen and a tierce to a knave.
split	either	reckoning sequences	A quint to a queen, a quart to a queen and a tierce to a queen.
split	either	reckoning sequences	A quint to a queen, a quart to a queen and a tierce to a ten.
split	either	reckoning sequences	A quint to a queen, a tierce major and a tierce major.
split	either	reckoning sequences	A quint to a queen, a tierce major and a tierce minor.
split	either	reckoning sequences	A quint to a queen, a tierce major and a tierce to a king.
split	either	reckoning sequences	A quint to a queen, a tierce major and a tierce to a knave.
split	either	reckoning sequences	A quint to a queen, a tierce major and a tierce to a queen.
split	either	reckoning sequences	A quint to a queen, a tierce major and a tierce to a ten.
split	either	reckoning sequences	A quint to a queen, a tierce minor and a tierce minor.
split	either	reckoning sequences	A quint to a queen, a tierce to a king and a tierce minor.
split	either	reckoning sequences	A quint to a queen, a tierce to a king and a tierce to a king.
split	either	reckoning sequences	A quint to a queen, a tierce to a king and a tierce to a knave.
split	either	reckoning sequences	A quint to a queen, a tierce to a king and a tierce to a queen.
split	either	reckoning sequences	A quint to a queen, a tierce to a king and a tierce to a ten.
split	either	reckoning sequences	A quint to a queen, a tierce to a knave and a tierce minor.
split	either	reckoning sequences	A quint to a queen, a tierce to a knave and a tierce to a knave.
split	either	reckoning sequences	A quint to a queen, a tierce to a knave and a tierce to a ten.
split	either	reckoning sequences	A quint to a queen, a tierce to a queen and a tierce minor.
split	either	reckoning sequences	A quint to a queen, a tierce to a queen and a tierce to a knave.
split	either	reckoning sequences	A quint to a queen, a tierce to a queen and a tierce to a queen.
split	either	reckoning sequences	A quint to a queen, a tierce to a queen and a tierce to a ten.
split	either	reckoning sequences	A quint to a queen, a tierce to a ten and a tierce minor.
split	either	reckoning sequences	A quint to a queen, a tierce to a ten and a tierce to a ten.
split	either	reckoning sequences	A quint to a queen.
split	either	reckoning sequences	A septième major and a quart major.
split	either	reckoning sequences	A septième major and a quart minor.
split	either	reckoning sequences	A septième major and a quart to a king.
split	either	reckoning sequences	A septième major and a quart to a knave.
split	either	reckoning sequences	A septième major and a quart to a queen.
split	either	reckoning sequences	A septième major and a quint major.
split	either	reckoning sequences	A septième major and a quint minor.
split	either	reckoning sequences	A septième major and a quint to a king.
split	either	reckoning sequences	A septième major and a quint to a queen.
split	either	reckoning sequences	A septième major and a tierce major.
split	either	reckoning sequences	A septième major and a tierce minor.
split	either	reckoning sequences	A septième major and a tierce to a king.
split	either	reckoning sequences	A septième major and a tierce to a knave.
split	either	reckoning sequences	A septième major and a tierce to a queen.
split	either	reckoning sequences	A septième major and a tierce to a ten.
split	either	reckoning sequences	A septième major.
split	either	reckoning sequences	A septième minor and a quart major.
split	either	reckoning sequences	A septième minor and a quart minor.
split	either	reckoning sequences	A septième minor and a quart to a king.
split	either	reckoning sequences	A septième minor and a quart to a knave.
split	either	reckoning sequences	A septième minor and a quart to a queen.
split	either	reckoning sequences	A septième minor and a quint major.
split	either	reckoning sequences	A septième minor and a quint minor.
split	either	reckoning sequences	A septième minor and a quint to a king.
split	either	reckoning sequences	A septième minor and a quint to a queen.
split	either	reckoning sequences	A septième minor and a tierce major.
split	either	reckoning sequences	A septième minor and a tierce minor.
split	either	reckoning sequences	A septième minor and a tierce to a king.
split	either	reckoning sequences	A septième minor and a tierce to a knave.
split	either	reckoning sequences	A septième minor and a tierce to a queen.
split	either	reckoning sequences	A septième minor and a tierce to a ten.
split	either	reckoning sequences	A septième minor.
split	either	reckoning sequences	A sixième major and a quart major.
split	either	reckoning sequences	A sixième major and a quart minor.
split	either	reckoning sequences	A sixième major and a quart to a king.
split	either	reckoning sequences	A sixième major and a quart to a knave.
split	either	reckoning sequences	A sixième major and a quart to a queen.
split	either	reckoning sequences	A sixième major and a quint major.
split	either	reckoning sequences	A sixième major and a quint minor.
split	either	reckoning sequences	A sixième major and a quint to a king.
split	either	reckoning sequences	A sixième major and a quint to a queen.
split	either	reckoning sequences	A sixième major and a sixième major.
split	either	reckoning sequences	A sixième major and a sixième minor.
split	either	reckoning sequences	A sixième major and a sixième to a king.
split	either	reckoning sequences	A sixième major and a tierce major.
split	either	reckoning sequences	A sixième major and a tierce minor.
split	either	reckoning sequences	A sixième major and a tierce to a king.
split	either	reckoning sequences	A sixième major and a tierce to a knave.
split	either	reckoning sequences	A sixième major and a tierce to a queen.
split	either	reckoning sequences	A sixième major and a tierce to a ten.
split	either	reckoning sequences	A sixième major, a tierce major and a tierce major.
split	either	reckoning sequences	A sixième major, a tierce major and a tierce minor.
split	either	reckoning sequences	A sixième major, a tierce major and a tierce to a king.
split	either	reckoning sequences	A sixième major, a tierce major and a tierce to a knave.
split	either	reckoning sequences	A sixième major, a tierce major and a tierce to a queen.
split	either	reckoning sequences	A sixième major, a tierce major and a tierce to a ten.
split	either	reckoning sequences	A sixième major, a tierce minor and a tierce minor.
split	either	reckoning sequences	A sixième major, a tierce to a king and a tierce minor.
split	either	reckoning sequences	A sixième major, a tierce to a king and a tierce to a king.
split	either	reckoning sequences	A sixième major, a tierce to a king and a tierce to a knave.
split	either	reckoning sequences	A sixième major, a tierce to a king and a tierce to a queen.
split	either	reckoning sequences	A sixième major, a tierce to a king and a tierce to a ten.
split	either	reckoning sequences	A sixième major, a tierce to a knave and a tierce minor.
split	either	reckoning sequences	A sixième major, a tierce to a knave and a tierce to a knave.
split	either	reckoning sequences	A sixième major, a tierce to a knave and a tierce to a ten.
split	either	reckoning sequences	A sixième major, a tierce to a queen and a tierce minor.
split	either	reckoning sequences	A sixième major, a tierce to a queen and a tierce to a knave.
split	either	reckoning sequences	A sixième major, a tierce to a queen and a tierce to a queen.
split	either	reckoning sequences	A sixième major, a tierce to a queen and a tierce to a ten.
split	either	reckoning sequences	A sixième major, a tierce to a ten and a tierce minor.
split	either	reckoning sequences	A sixième major, a tierce to a ten and a tierce to a ten.
split	either	reckoning sequences	A sixième major.
split	either	reckoning sequences	A sixième minor and a quart major.
split	either	reckoning sequences	A sixième minor and a quart minor.
split	either	reckoning sequences	A sixième minor and a quart to a king.
split	either	reckoning sequences	A sixième minor and a quart to a knave.
split	either	reckoning sequences	A sixième minor and a quart to a queen.
split	either	reckoning sequences	A sixième minor and a quint major.
split	either	reckoning sequences	A sixième minor and a quint minor.
split	either	reckoning sequences	A sixième minor and a quint to a king.
split	either	reckoning sequences	A sixième minor and a quint to a queen.
split	either	reckoning sequences	A sixième minor and a sixième minor.
split	either	reckoning sequences	A sixième minor and a tierce major.
split	either	reckoning sequences	A sixième minor and a tierce minor.
split	either	reckoning sequences	A sixième minor and a tierce to a king.
split	either	reckoning sequences	A sixième minor and a tierce to a knave.
split	either	reckoning sequences	A sixième minor and a tierce to a queen.
split	either	reckoning sequences	A sixième minor and a tierce to a ten.
split	either	reckoning sequences	A sixième minor, a tierce major and a tierce major.
split	either	reckoning sequences	A sixième minor, a tierce major and a tierce minor.
split	either	reckoning sequences	A sixième minor, a tierce major and a tierce to a king.
split	either	reckoning sequences	A sixième minor, a tierce major and a tierce to a knave.
split	either	reckoning sequences	A sixième minor, a tierce major and a tierce to a queen.
split	either	reckoning sequences	A sixième minor, a tierce major and a tierce to a ten.
split	either	reckoning sequences	A sixième minor, a tierce minor and a tierce minor.
split	either	reckoning sequences	A sixième minor, a tierce to a king and a tierce minor.
split	either	reckoning sequences	A sixième minor, a tierce to a king and a tierce to a king.
split	either	reckoning sequences	A sixième minor, a tierce to a king and a tierce to a knave.
split	either	reckoning sequences	A sixième minor, a tierce to a king and a tierce to a queen.
split	either	reckoning sequences	A sixième minor, a tierce to a king and a tierce to a ten.
split	either	reckoning sequences	A sixième minor, a tierce to a knave and a tierce minor.
split	either	reckoning sequences	A sixième minor, a tierce to a knave and a tierce to a knave.
split	either	reckoning sequences	A sixième minor, a tierce to a knave and a tierce to a ten.
split	either	reckoning sequences	A sixième minor, a tierce to a queen and a tierce minor.
split	either	reckoning sequences	A sixième minor, a tierce to a queen and a tierce to a knave.
split	either	reckoning sequences	A sixième minor, a tierce to a queen and a tierce to a queen.
split	either	reckoning sequences	A sixième minor, a tierce to a queen and a tierce to a ten.
split	either	reckoning sequences	A sixième minor, a tierce to a ten and a tierce minor.
split	either	reckoning sequences	A sixième minor, a tierce to a ten and a tierce to a ten.
split	either	reckoning sequences	A sixième minor.
split	either	reckoning sequences	A sixième to a king and a quart major.
split	either	reckoning sequences	A sixième to a king and a quart minor.
split	either	reckoning sequences	A sixième to a king and a quart to a king.
split	either	reckoning sequences	A sixième to a king and a quart to a knave.
split	either	reckoning sequences	A sixième to a king and a quart to a queen.
split	either	reckoning sequences	A sixième to a king and a quint major.
split	either	reckoning sequences	A sixième to a king and a quint minor.
split	either	reckoning sequences	A sixième to a king and a quint to a king.
split	either	reckoning sequences	A sixième to a king and a quint to a queen.
split	either	reckoning sequences	A sixième to a king and a sixième minor.
split	either	reckoning sequences	A sixième to a king and a sixième to a king.
split	either	reckoning sequences	A sixième to a king and a tierce major.
split	either	reckoning sequences	A sixième to a king and a tierce minor.
split	either	reckoning sequences	A sixième to a king and a tierce to a king.
split	either	reckoning sequences	A sixième to a king and a tierce to a knave.
split	either	reckoning sequences	A sixième to a king and a tierce to a queen.
split	either	reckoning sequences	A sixième to a king and a tierce to a ten.
split	either	reckoning sequences	A sixième to a king, a tierce major and a tierce major.
split	either	reckoning sequences	A sixième to a king, a tierce major and a tierce minor.
split	either	reckoning sequences	A sixième to a king, a tierce major and a tierce to a king.
split	either	reckoning sequences	A sixième to a king, a tierce major and a tierce to a knave.
split	either	reckoning sequences	A sixième to a king, a tierce major and a tierce to a queen.
split	either	reckoning sequences	A sixième to a king, a tierce major and a tierce to a ten.
split	either	reckoning sequences	A sixième to a king, a tierce minor and a tierce minor.
split	either	reckoning sequences	A sixième to a king, a tierce to a king and a tierce minor.
split	either	reckoning sequences	A sixième to a king, a tierce to a king and a tierce to a king.
split	either	reckoning sequences	A sixième to a king, a tierce to a king and a tierce to a knave.
split	either	reckoning sequences	A sixième to a king, a tierce to a king and a tierce to a queen.
split	either	reckoning sequences	A sixième to a king, a tierce to a king and a tierce to a ten.
split	either	reckoning sequences	A sixième to a king, a tierce to a knave and a tierce minor.
split	either	reckoning sequences	A sixième to a king, a tierce to a knave and a tierce to a knave.
split	either	reckoning sequences	A sixième to a king, a tierce to a knave and a tierce to a ten.
split	either	reckoning sequences	A sixième to a king, a tierce to a queen and a tierce minor.
split	either	reckoning sequences	A sixième to a king, a tierce to a queen and a tierce to a knave.
split	either	reckoning sequences	A sixième to a king, a tierce to a queen and a tierce to a queen.
split	either	reckoning sequences	A sixième to a king, a tierce to a queen and a tierce to a ten.
split	either	reckoning sequences	A sixième to a king, a tierce to a ten and a tierce minor.
split	either	reckoning sequences	A sixième to a king, a tierce to a ten and a tierce to a ten.
split	either	reckoning sequences	A sixième to a king.
split	either	reckoning sequences	A tierce major and a tierce major.
split	either	reckoning sequences	A tierce major and a tierce minor.
split	either	reckoning sequences	A tierce major and a tierce to a king.
split	either	reckoning sequences	A tierce major and a tierce to a knave.
split	either	reckoning sequences	A tierce major and a tierce to a queen.
split	either	reckoning sequences	A tierce major and a tierce to a ten.
split	either	reckoning sequences	A tierce major, a tierce major and a tierce major.
split	either	reckoning sequences	A tierce major, a tierce major and a tierce minor.
split	either	reckoning sequences	A tierce major, a tierce major and a tierce to a king.
split	either	reckoning sequences	A tierce major, a tierce major and a tierce to a knave.
split	either	reckoning sequences	A tierce major, a tierce major and a tierce to a queen.
split	either	reckoning sequences	A tierce major, a tierce major and a tierce to a ten.
split	either	reckoning sequences	A tierce major, a tierce major, a tierce major and a tierce major.
split	either	reckoning sequences	A tierce major, a tierce major, a tierce major and a tierce minor.
split	either	reckoning sequences	A tierce major, a tierce major, a tierce major and a tierce to a king.
split	either	reckoning sequences	A tierce major, a tierce major, a tierce major and a tierce to a knave.
split	either	reckoning sequences	A tierce major, a tierce major, a tierce major and a tierce to a queen.
split	either	reckoning sequences	A tierce major, a tierce major, a tierce major and a tierce to a ten.
split	either	reckoning sequences	A tierce major, a tierce major, a tierce minor and a tierce minor.
split	either	reckoning sequences	A tierce major, a tierce major, a tierce to a king and a tierce minor.
split	either	reckoning sequences	A tierce major, a tierce major, a tierce to a king and a tierce to a king.
split	either	reckoning sequences	A tierce major, a tierce major, a tierce to a king and a tierce to a knave.
split	either	reckoning sequences	A tierce major, a tierce major, a tierce to a king and a tierce to a queen.
split	either	reckoning sequences	A tierce major, a tierce major, a tierce to a king and a tierce to a ten.
split	either	reckoning sequences	A tierce major, a tierce major, a tierce to a knave and a tierce minor.
split	either	reckoning sequences	A tierce major, a tierce major, a tierce to a knave and a tierce to a knave.
split	either	reckoning sequences	A tierce major, a tierce major, a tierce to a knave and a tierce to a ten.
split	either	reckoning sequences	A tierce major, a tierce major, a tierce to a queen and a tierce minor.
split	either	reckoning sequences	A tierce major, a tierce major, a tierce to a queen and a tierce to a knave.
split	either	reckoning sequences	A tierce major, a tierce major, a tierce to a queen and a tierce to a queen.
split	either	reckoning sequences	A tierce major, a tierce major, a tierce to a queen and a tierce to a ten.
split	either	reckoning sequences	A tierce major, a tierce major, a tierce to a ten and a tierce minor.
split	either	reckoning sequences	A tierce major, a tierce major, a tierce to a ten and a tierce to a ten.
split	either	reckoning sequences	A tierce major, a tierce minor and a tierce minor.
split	either	reckoning sequences	A tierce major, a tierce minor, a tierce minor and a tierce minor.
split	either	reckoning sequences	A tierce major, a tierce to a king and a tierce minor.
split	either	reckoning sequences	A tierce major, a tierce to a king and a tierce to a king.
split	either	reckoning sequences	A tierce major, a tierce to a king and a tierce to a knave.
split	either	reckoning sequences	A tierce major, a tierce to a king and a tierce to a queen.
split	either	reckoning sequences	A tierce major, a tierce to a king and a tierce to a ten.
split	either	reckoning sequences	A tierce major, a tierce to a king, a tierce minor and a tierce minor.
split	either	reckoning sequences	A tierce major, a tierce to a king, a tierce to a king and a tierce minor.
split	either	reckoning sequences	A tierce major, a tierce to a king, a tierce to a king and a tierce to a king.
split	either	reckoning sequences	A tierce major, a tierce to a king, a tierce to a king and a tierce to a knave.
split	either	reckoning sequences	A tierce major, a tierce to a king, a tierce to a king and a tierce to a queen.
split	either	reckoning sequences	A tierce major, a tierce to a king, a tierce to a king and a tierce to a ten.
split	either	reckoning sequences	A tierce major, a tierce to a king, a tierce to a knave and a tierce minor.
split	either	reckoning sequences	A tierce major, a tierce to a king, a tierce to a knave and a tierce to a knave.
split	either	reckoning sequences	A tierce major, a tierce to a king, a tierce to a knave and a tierce to a ten.
split	either	reckoning sequences	A tierce major, a tierce to a king, a tierce to a queen and a tierce minor.
split	either	reckoning sequences	A tierce major, a tierce to a king, a tierce to a queen and a tierce to a knave.
split	either	reckoning sequences	A tierce major, a tierce to a king, a tierce to a queen and a tierce to a queen.
split	either	reckoning sequences	A tierce major, a tierce to a king, a tierce to a queen and a tierce to a ten.
split	either	reckoning sequences	A tierce major, a tierce to a king, a tierce to a ten and a tierce minor.
split	either	reckoning sequences	A tierce major, a tierce to a king, a tierce to a ten and a tierce to a ten.
split	either	reckoning sequences	A tierce major, a tierce to a knave and a tierce minor.
split	either	reckoning sequences	A tierce major, a tierce to a knave and a tierce to a knave.
split	either	reckoning sequences	A tierce major, a tierce to a knave and a tierce to a ten.
split	either	reckoning sequences	A tierce major, a tierce to a knave, a tierce minor and a tierce minor.
split	either	reckoning sequences	A tierce major, a tierce to a knave, a tierce to a knave and a tierce minor.
split	either	reckoning sequences	A tierce major, a tierce to a knave, a tierce to a knave and a tierce to a knave.
split	either	reckoning sequences	A tierce major, a tierce to a knave, a tierce to a knave and a tierce to a ten.
split	either	reckoning sequences	A tierce major, a tierce to a knave, a tierce to a ten and a tierce minor.
split	either	reckoning sequences	A tierce major, a tierce to a knave, a tierce to a ten and a tierce to a ten.
split	either	reckoning sequences	A tierce major, a tierce to a queen and a tierce minor.
split	either	reckoning sequences	A tierce major, a tierce to a queen and a tierce to a knave.
split	either	reckoning sequences	A tierce major, a tierce to a queen and a tierce to a queen.
split	either	reckoning sequences	A tierce major, a tierce to a queen and a tierce to a ten.
split	either	reckoning sequences	A tierce major, a tierce to a queen, a tierce minor and a tierce minor.
split	either	reckoning sequences	A tierce major, a tierce to a queen, a tierce to a knave and a tierce minor.
split	either	reckoning sequences	A tierce major, a tierce to a queen, a tierce to a knave and a tierce to a knave.
split	either	reckoning sequences	A tierce major, a tierce to a queen, a tierce to a knave and a tierce to a ten.
split	either	reckoning sequences	A tierce major, a tierce to a queen, a tierce to a queen and a tierce minor.
split	either	reckoning sequences	A tierce major, a tierce to a queen, a tierce to a queen and a tierce to a knave.
split	either	reckoning sequences	A tierce major, a tierce to a queen, a tierce to a queen and a tierce to a queen.
split	either	reckoning sequences	A tierce major, a tierce to a queen, a tierce to a queen and a tierce to a ten.
split	either	reckoning sequences	A tierce major, a tierce to a queen, a tierce to a ten and a tierce minor.
split	either	reckoning sequences	A tierce major, a tierce to a queen, a tierce to a ten and a tierce to a ten.
split	either	reckoning sequences	A tierce major, a tierce to a ten and a tierce minor.
split	either	reckoning sequences	A tierce major, a tierce to a ten and a tierce to a ten.
split	either	reckoning sequences	A tierce major, a tierce to a ten, a tierce minor and a tierce minor.
split	either	reckoning sequences	A tierce major, a tierce to a ten, a tierce to a ten and a tierce minor.
split	either	reckoning sequences	A tierce major, a tierce to a ten, a tierce to a ten and a tierce to a ten.
split	either	reckoning sequences	A tierce major.
split	either	reckoning sequences	A tierce minor and a tierce minor.
split	either	reckoning sequences	A tierce minor, a tierce minor and a tierce minor.
split	either	reckoning sequences	A tierce minor, a tierce minor, a tierce minor and a tierce minor.
split	either	reckoning sequences	A tierce minor.
split	either	reckoning sequences	A tierce to a king and a tierce minor.
split	either	reckoning sequences	A tierce to a king and a tierce to a king.
split	either	reckoning sequences	A tierce to a king and a tierce to a knave.
split	either	reckoning sequences	A tierce to a king and a tierce to a queen.
split	either	reckoning sequences	A tierce to a king and a tierce to a ten.
split	either	reckoning sequences	A tierce to a king, a tierce minor and a tierce minor.
split	either	reckoning sequences	A tierce to a king, a tierce minor, a tierce minor and a tierce minor.
split	either	reckoning sequences	A tierce to a king, a tierce to a king and a tierce minor.
split	either	reckoning sequences	A tierce to a king, a tierce to a king and a tierce to a king.
split	either	reckoning sequences	A tierce to a king, a tierce to a king and a tierce to a knave.
split	either	reckoning sequences	A tierce to a king, a tierce to a king and a tierce to a queen.
split	either	reckoning sequences	A tierce to a king, a tierce to a king and a tierce to a ten.
split	either	reckoning sequences	A tierce to a king, a tierce to a king, a tierce minor and a tierce minor.
split	either	reckoning sequences	A tierce to a king, a tierce to a king, a tierce to a king and a tierce minor.
split	either	reckoning sequences	A tierce to a king, a tierce to a king, a tierce to a king and a tierce to a king.
split	either	reckoning sequences	A tierce to a king, a tierce to a king, a tierce to a king and a tierce to a knave.
split	either	reckoning sequences	A tierce to a king, a tierce to a king, a tierce to a king and a tierce to a queen.
split	either	reckoning sequences	A tierce to a king, a tierce to a king, a tierce to a king and a tierce to a ten.
split	either	reckoning sequences	A tierce to a king, a tierce to a king, a tierce to a knave and a tierce minor.
split	either	reckoning sequences	A tierce to a king, a tierce to a king, a tierce to a knave and a tierce to a knave.
split	either	reckoning sequences	A tierce to a king, a tierce to a king, a tierce to a knave and a tierce to a ten.
split	either	reckoning sequences	A tierce to a king, a tierce to a king, a tierce to a queen and a tierce minor.
split	either	reckoning sequences	A tierce to a king, a tierce to a king, a tierce to a queen and a tierce to a knave.
split	either	reckoning sequences	A tierce to a king, a tierce to a king, a tierce to a queen and a tierce to a queen.
split	either	reckoning sequences	A tierce to a king, a tierce to a king, a tierce to a queen and a tierce to a ten.
split	either	reckoning sequences	A tierce to a king, a tierce to a king, a tierce to a ten and a tierce minor.
split	either	reckoning sequences	A tierce to a king, a tierce to a king, a tierce to a ten and a tierce to a ten.
split	either	reckoning sequences	A tierce to a king, a tierce to a knave and a tierce minor.
split	either	reckoning sequences	A tierce to a king, a tierce to a knave and a tierce to a knave.
split	either	reckoning sequences	A tierce to a king, a tierce to a knave and a tierce to a ten.
split	either	reckoning sequences	A tierce to a king, a tierce to a knave, a tierce minor and a tierce minor.
split	either	reckoning sequences	A tierce to a king, a tierce to a knave, a tierce to a knave and a tierce minor.
split	either	reckoning sequences	A tierce to a king, a tierce to a knave, a tierce to a knave and a tierce to a knave.
split	either	reckoning sequences	A tierce to a king, a tierce to a knave, a tierce to a knave and a tierce to a ten.
split	either	reckoning sequences	A tierce to a king, a tierce to a knave, a tierce to a ten and a tierce minor.
split	either	reckoning sequences	A tierce to a king, a tierce to a knave, a tierce to a ten and a tierce to a ten.
split	either	reckoning sequences	A tierce to a king, a tierce to a queen and a tierce minor.
split	either	reckoning sequences	A tierce to a king, a tierce to a queen and a tierce to a knave.
split	either	reckoning sequences	A tierce to a king, a tierce to a queen and a tierce to a queen.
split	either	reckoning sequences	A tierce to a king, a tierce to a queen and a tierce to a ten.
split	either	reckoning sequences	A tierce to a king, a tierce to a queen, a tierce minor and a tierce minor.
split	either	reckoning sequences	A tierce to a king, a tierce to a queen, a tierce to a knave and a tierce minor.
split	either	reckoning sequences	A tierce to a king, a tierce to a queen, a tierce to a knave and a tierce to a knave.
split	either	reckoning sequences	A tierce to a king, a tierce to a queen, a tierce to a knave and a tierce to a ten.
split	either	reckoning sequences	A tierce to a king, a tierce to a queen, a tierce to a queen and a tierce minor.
split	either	reckoning sequences	A tierce to a king, a tierce to a queen, a tierce to a queen and a tierce to a knave.
split	either	reckoning sequences	A tierce to a king, a tierce to a queen, a tierce to a queen and a tierce to a queen.
split	either	reckoning sequences	A tierce to a king, a tierce to a queen, a tierce to a queen and a tierce to a ten.
split	either	reckoning sequences	A tierce to a king, a tierce to a queen, a tierce to a ten and a tierce minor.
split	either	reckoning sequences	A tierce to a king, a tierce to a queen, a tierce to a ten and a tierce to a ten.
split	either	reckoning sequences	A tierce to a king, a tierce to a ten and a tierce minor.
split	either	reckoning sequences	A tierce to a king, a tierce to a ten and a tierce to a ten.
split	either	reckoning sequences	A tierce to a king, a tierce to a ten, a tierce minor and a tierce minor.
split	either	reckoning sequences	A tierce to a king, a tierce to a ten, a tierce to a ten and a tierce minor.
split	either	reckoning sequences	A tierce to a king, a tierce to a ten, a tierce to a ten and a tierce to a ten.
split	either	reckoning sequences	A tierce to a king.
split	either	reckoning sequences	A tierce to a knave and a tierce minor.
split	either	reckoning sequences	A tierce to a knave and a tierce to a knave.
split	either	reckoning sequences	A tierce to a knave and a tierce to a ten.
split	either	reckoning sequences	A tierce to a knave, a tierce minor and a tierce minor.
split	either	reckoning sequences	A tierce to a knave, a tierce minor, a tierce minor and a tierce minor.
split	either	reckoning sequences	A tierce to a knave, a tierce to a knave and a tierce minor.
split	either	reckoning sequences	A tierce to a knave, a tierce to a knave and a tierce to a knave.
split	either	reckoning sequences	A tierce to a knave, a tierce to a knave and a tierce to a ten.
split	either	reckoning sequences	A tierce to a knave, a tierce to a knave, a tierce minor and a tierce minor.
split	either	reckoning sequences	A tierce to a knave, a tierce to a knave, a tierce to a knave and a tierce minor.
split	either	reckoning sequences	A tierce to a knave, a tierce to a knave, a tierce to a knave and a tierce to a knave.
split	either	reckoning sequences	A tierce to a knave, a tierce to a knave, a tierce to a knave and a tierce to a ten.
split	either	reckoning sequences	A tierce to a knave, a tierce to a knave, a tierce to a ten and a tierce minor.
split	either	reckoning sequences	A tierce to a knave, a tierce to a knave, a tierce to a ten and a tierce to a ten.
split	either	reckoning sequences	A tierce to a knave, a tierce to a ten and a tierce minor.
split	either	reckoning sequences	A tierce to a knave, a tierce to a ten and a tierce to a ten.
split	either	reckoning sequences	A tierce to a knave, a tierce to a ten, a tierce minor and a tierce minor.
split	either	reckoning sequences	A tierce to a knave, a tierce to a ten, a tierce to a ten and a tierce minor.
split	either	reckoning sequences	A tierce to a knave, a tierce to a ten, a tierce to a ten and a tierce to a ten.
split	either	reckoning sequences	A tierce to a knave.
split	either	reckoning sequences	A tierce to a queen and a tierce minor.
split	either	reckoning sequences	A tierce to a queen and a tierce to a knave.
split	either	reckoning sequences	A tierce to a queen and a tierce to a queen.
split	either	reckoning sequences	A tierce to a queen and a tierce to a ten.
split	either	reckoning sequences	A tierce to a queen, a tierce minor and a tierce minor.
split	either	reckoning sequences	A tierce to a queen, a tierce minor, a tierce minor and a tierce minor.
split	either	reckoning sequences	A tierce to a queen, a tierce to a knave and a tierce minor.
split	either	reckoning sequences	A tierce to a queen, a tierce to a knave and a tierce to a knave.
split	either	reckoning sequences	A tierce to a queen, a tierce to a knave and a tierce to a ten.
split	either	reckoning sequences	A tierce to a queen, a tierce to a knave, a tierce minor and a tierce minor.
split	either	reckoning sequences	A tierce to a queen, a tierce to a knave, a tierce to a knave and a tierce minor.
split	either	reckoning sequences	A tierce to a queen, a tierce to a knave, a tierce to a knave and a tierce to a knave.
split	either	reckoning sequences	A tierce to a queen, a tierce to a knave, a tierce to a knave and a tierce to a ten.
split	either	reckoning sequences	A tierce to a queen, a tierce to a knave, a tierce to a ten and a tierce minor.
split	either	reckoning sequences	A tierce to a queen, a tierce to a knave, a tierce to a ten and a tierce to a ten.
split	either	reckoning sequences	A tierce to a queen, a tierce to a queen and a tierce minor.
split	either	reckoning sequences	A tierce to a queen, a tierce to a queen and a tierce to a knave.
split	either	reckoning sequences	A tierce to a queen, a tierce to a queen and a tierce to a queen.
split	either	reckoning sequences	A tierce to a queen, a tierce to a queen and a tierce to a ten.
split	either	reckoning sequences	A tierce to a queen, a tierce to a queen, a tierce minor and a tierce minor.
split	either	reckoning sequences	A tierce to a queen, a tierce to a queen, a tierce to a knave and a tierce minor.
split	either	reckoning sequences	A tierce to a queen, a tierce to a queen, a tierce to a knave and a tierce to a knave.
split	either	reckoning sequences	A tierce to a queen, a tierce to a queen, a tierce to a knave and a tierce to a ten.
split	either	reckoning sequences	A tierce to a queen, a tierce to a queen, a tierce to a queen and a tierce minor.
split	either	reckoning sequences	A tierce to a queen, a tierce to a queen, a tierce to a queen and a tierce to a knave.
split	either	reckoning sequences	A tierce to a queen, a tierce to a queen, a tierce to a queen and a tierce to a queen.
split	either	reckoning sequences	A tierce to a queen, a tierce to a queen, a tierce to a queen and a tierce to a ten.
split	either	reckoning sequences	A tierce to a queen, a tierce to a queen, a tierce to a ten and a tierce minor.
split	either	reckoning sequences	A tierce to a queen, a tierce to a queen, a tierce to a ten and a tierce to a ten.
split	either	reckoning sequences	A tierce to a queen, a tierce to a ten and a tierce minor.
split	either	reckoning sequences	A tierce to a queen, a tierce to a ten and a tierce to a ten.
split	either	reckoning sequences	A tierce to a queen, a tierce to a ten, a tierce minor and a tierce minor.
split	either	reckoning sequences	A tierce to a queen, a tierce to a ten, a tierce to a ten and a tierce minor.
split	either	reckoning sequences	A tierce to a queen, a tierce to a ten, a tierce to a ten and a tierce to a ten.
split	either	reckoning sequences	A tierce to a queen.
split	either	reckoning sequences	A tierce to a ten and a tierce minor.
split	either	reckoning sequences	A tierce to a ten and a tierce to a ten.
split	either	reckoning sequences	A tierce to a ten, a tierce minor and a tierce minor.
split	either	reckoning sequences	A tierce to a ten, a tierce minor, a tierce minor and a tierce minor.
split	either	reckoning sequences	A tierce to a ten, a tierce to a ten and a tierce minor.
split	either	reckoning sequences	A tierce to a ten, a tierce to a ten and a tierce to a ten.
split	either	reckoning sequences	A tierce to a ten, a tierce to a ten, a tierce minor and a tierce minor.
split	either	reckoning sequences	A tierce to a ten, a tierce to a ten, a tierce to a ten and a tierce minor.
split	either	reckoning sequences	A tierce to a ten, a tierce to a ten, a tierce to a ten and a tierce to a ten.
split	either	reckoning sequences	A tierce to a ten.
split	either	reckoning sets	Four aces and four kings.
split	either	reckoning sets	Four aces and four knaves.
split	either	reckoning sets	Four aces and four queens.
split	either	reckoning sets	Four aces and four tens.
split	either	reckoning sets	Four aces and three kings.
split	either	reckoning sets	Four aces and three knaves.
split	either	reckoning sets	Four aces and three queens.
split	either	reckoning sets	Four aces and three tens.
split	either	reckoning sets	Four aces, four kings and four knaves.
split	either	reckoning sets	Four aces, four kings and four queens.
split	either	reckoning sets	Four aces, four kings and four tens.
split	either	reckoning sets	Four aces, four kings and three knaves.
split	either	reckoning sets	Four aces, four kings and three queens.
split	either	reckoning sets	Four aces, four kings and three tens.
split	either	reckoning sets	Four aces, four knaves and four tens.
split	either	reckoning sets	Four aces, four knaves and three kings.
split	either	reckoning sets	Four aces, four knaves and three queens.
split	either	reckoning sets	Four aces, four knaves and three tens.
split	either	reckoning sets	Four aces, four queens and four knaves.
split	either	reckoning sets	Four aces, four queens and four tens.
split	either	reckoning sets	Four aces, four queens and three kings.
split	either	reckoning sets	Four aces, four queens and three knaves.
split	either	reckoning sets	Four aces, four queens and three tens.
split	either	reckoning sets	Four aces, four tens and three kings.
split	either	reckoning sets	Four aces, four tens and three knaves.
split	either	reckoning sets	Four aces, four tens and three queens.
split	either	reckoning sets	Four aces, three kings and three knaves.
split	either	reckoning sets	Four aces, three kings and three queens.
split	either	reckoning sets	Four aces, three kings and three tens.
split	either	reckoning sets	Four aces, three knaves and three tens.
split	either	reckoning sets	Four aces, three queens and three knaves.
split	either	reckoning sets	Four aces, three queens and three tens.
split	either	reckoning sets	Four aces.
split	either	reckoning sets	Four kings and four knaves.
split	either	reckoning sets	Four kings and four queens.
split	either	reckoning sets	Four kings and four tens.
split	either	reckoning sets	Four kings and three aces.
split	either	reckoning sets	Four kings and three knaves.
split	either	reckoning sets	Four kings and three queens.
split	either	reckoning sets	Four kings and three tens.
split	either	reckoning sets	Four kings, four knaves and four tens.
split	either	reckoning sets	Four kings, four knaves and three aces.
split	either	reckoning sets	Four kings, four knaves and three queens.
split	either	reckoning sets	Four kings, four knaves and three tens.
split	either	reckoning sets	Four kings, four queens and four knaves.
split	either	reckoning sets	Four kings, four queens and four tens.
split	either	reckoning sets	Four kings, four queens and three aces.
split	either	reckoning sets	Four kings, four queens and three knaves.
split	either	reckoning sets	Four kings, four queens and three tens.
split	either	reckoning sets	Four kings, four tens and three aces.
split	either	reckoning sets	Four kings, four tens and three knaves.
split	either	reckoning sets	Four kings, four tens and three queens.
split	either	reckoning sets	Four kings, three aces and three knaves.
split	either	reckoning sets	Four kings, three aces and three queens.
split	either	reckoning sets	Four kings, three aces and three tens.
split	either	reckoning sets	Four kings, three knaves and three tens.
split	either	reckoning sets	Four kings, three queens and three knaves.
split	either	reckoning sets	Four kings, three queens and three tens.
split	either	reckoning sets	Four kings.
split	either	reckoning sets	Four knaves and four tens.
split	either	reckoning sets	Four knaves and three aces.
split	either	reckoning sets	Four knaves and three kings.
split	either	reckoning sets	Four knaves and three queens.
split	either	reckoning sets	Four knaves and three tens.
split	either	reckoning sets	Four knaves, four tens and three aces.
split	either	reckoning sets	Four knaves, four tens and three kings.
split	either	reckoning sets	Four knaves, four tens and three queens.
split	either	reckoning sets	Four knaves, three aces and three kings.
split	either	reckoning sets	Four knaves, three aces and three queens.
split	either	reckoning sets	Four knaves, three aces and three tens.
split	either	reckoning sets	Four knaves, three kings and three queens.
split	either	reckoning sets	Four knaves, three kings and three tens.
split	either	reckoning sets	Four knaves, three queens and three tens.
split	either	reckoning sets	Four knaves.
split	either	reckoning sets	Four queens and four knaves.
split	either	reckoning sets	Four queens and four tens.
split	either	reckoning sets	Four queens and three aces.
split	either	reckoning sets	Four queens and three kings.
split	either	reckoning sets	Four queens and three knaves.
split	either	reckoning sets	Four queens and three tens.
split	either	reckoning sets	Four queens, four knaves and four tens.
split	either	reckoning sets	Four queens, four knaves and three aces.
split	either	reckoning sets	Four queens, four knaves and three kings.
split	either	reckoning sets	Four queens, four knaves and three tens.
split	either	reckoning sets	Four queens, four tens and three aces.
split	either	reckoning sets	Four queens, four tens and three kings.
split	either	reckoning sets	Four queens, four tens and three knaves.
split	either	reckoning sets	Four queens, three aces and three kings.
split	either	reckoning sets	Four queens, three aces and three knaves.
split	either	reckoning sets	Four queens, three aces and three tens.
split	either	reckoning sets	Four queens, three kings and three knaves.
split	either	reckoning sets	Four queens, three kings and three tens.
split	either	reckoning sets	Four queens, three knaves and three tens.
split	either	reckoning sets	Four queens.
split	either	reckoning sets	Four tens and three aces.
split	either	reckoning sets	Four tens and three kings.
split	either	reckoning sets	Four tens and three knaves.
split	either	reckoning sets	Four tens and three queens.
split	either	reckoning sets	Four tens, three aces and three kings.
split	either	reckoning sets	Four tens, three aces and three knaves.
split	either	reckoning sets	Four tens, three aces and three queens.
split	either	reckoning sets	Four tens, three kings and three knaves.
split	either	reckoning sets	Four tens, three kings and three queens.
split	either	reckoning sets	Four tens, three queens and three knaves.
split	either	reckoning sets	Four tens.
split	either	reckoning sets	Three aces and three kings.
split	either	reckoning sets	Three aces and three knaves.
split	either	reckoning sets	Three aces and three queens.
split	either	reckoning sets	Three aces and three tens.
split	either	reckoning sets	Three aces, three kings and three knaves.
split	either	reckoning sets	Three aces, three kings and three queens.
split	either	reckoning sets	Three aces, three kings and three tens.
split	either	reckoning sets	Three aces, three kings, three knaves and three tens.
split	either	reckoning sets	Three aces, three kings, three queens and three knaves.
split	either	reckoning sets	Three aces, three kings, three queens and three tens.
split	either	reckoning sets	Three aces, three knaves and three tens.
split	either	reckoning sets	Three aces, three queens and three knaves.
split	either	reckoning sets	Three aces, three queens and three tens.
split	either	reckoning sets	Three aces, three queens, three knaves and three tens.
split	either	reckoning sets	Three aces.
split	either	reckoning sets	Three kings and three knaves.
split	either	reckoning sets	Three kings and three queens.
split	either	reckoning sets	Three kings and three tens.
split	either	reckoning sets	Three kings, three knaves and three tens.
split	either	reckoning sets	Three kings, three queens and three knaves.
split	either	reckoning sets	Three kings, three queens and three tens.
split	either	reckoning sets	Three kings, three queens, three knaves and three tens.
split	either	reckoning sets	Three kings.
split	either	reckoning sets	Three knaves and three tens.
split	either	reckoning sets	Three knaves.
split	either	reckoning sets	Three queens and three knaves.
split	either	reckoning sets	Three queens and three tens.
split	either	reckoning sets	Three queens, three knaves and three tens.
split	either	reckoning sets	Three queens.
split	either	reckoning sets	Three tens.
split+phrases	either	capot	Capot!
split+phrases	either	pique	Pique!
split+phrases	either	reckoning a point	A point of eight.
split+phrases	either	reckoning a point	A point of five.
split+phrases	either	reckoning a point	A point of four.
split+phrases	either	reckoning a point	A point of seven.
split+phrases	either	reckoning a point	A point of six.
split+phrases	either	reckoning a point	A point of three.
split+phrases	either	reckoning a point	A point of two.
split+phrases	either	reckoning a point	One card.
split+phrases	either	repique	Repique!
split+phrases	either	the cards	And the cards.
split+phrases	either	the last trick	And the last.
